id,name,height,weight,base_experience,types,abilities
1,bulbasaur,7,69,64,"grass, poison","overgrow, chlorophyll"
2,ivysaur,10,130,142,"grass, poison","overgrow, chlorophyll"
3,venusaur,20,1000,236,"grass, poison","overgrow, chlorophyll"
4,charmander,6,85,62,fire,"blaze, solar-power"
5,charmeleon,11,190,142,fire,"blaze, solar-power"
6,charizard,17,905,240,"fire, flying","blaze, solar-power"
7,squirtle,5,90,63,water,"torrent, rain-dish"
8,wartortle,10,225,142,water,"torrent, rain-dish"
9,blastoise,16,855,239,water,"torrent, rain-dish"
10,caterpie,3,29,39,bug,"shield-dust, run-away"
11,metapod,7,99,72,bug,shed-skin
12,butterfree,11,320,178,"bug, flying","compound-eyes, tinted-lens"
13,weedle,3,32,39,"bug, poison","shield-dust, run-away"
14,kakuna,6,100,72,"bug, poison",shed-skin
15,beedrill,10,295,178,"bug, poison","swarm, sniper"
16,pidgey,3,18,50,"normal, flying","keen-eye, tangled-feet, big-pecks"
17,pidgeotto,11,300,122,"normal, flying","keen-eye, tangled-feet, big-pecks"
18,pidgeot,15,395,216,"normal, flying","keen-eye, tangled-feet, big-pecks"
19,rattata,3,35,51,normal,"run-away, guts, hustle"
20,raticate,7,185,145,normal,"run-away, guts, hustle"
21,spearow,3,20,52,"normal, flying","keen-eye, sniper"
22,fearow,12,380,155,"normal, flying","keen-eye, sniper"
23,ekans,20,69,58,poison,"intimidate, shed-skin, unnerve"
24,arbok,35,650,157,poison,"intimidate, shed-skin, unnerve"
25,pikachu,4,60,112,electric,"static, lightning-rod"
26,raichu,8,300,218,electric,"static, lightning-rod"
27,sandshrew,6,120,60,ground,"sand-veil, sand-rush"
28,sandslash,10,295,158,ground,"sand-veil, sand-rush"
29,nidoran-f,4,70,55,poison,"poison-point, rivalry, hustle"
30,nidorina,8,200,128,poison,"poison-point, rivalry, hustle"
31,nidoqueen,13,600,227,"poison, ground","poison-point, rivalry, sheer-force"
32,nidoran-m,5,90,55,poison,"poison-point, rivalry, hustle"
33,nidorino,9,195,128,poison,"poison-point, rivalry, hustle"
34,nidoking,14,620,227,"poison, ground","poison-point, rivalry, sheer-force"
35,clefairy,6,75,113,fairy,"cute-charm, magic-guard, friend-guard"
36,clefable,13,400,217,fairy,"cute-charm, magic-guard, unaware"
37,vulpix,6,99,60,fire,"flash-fire, drought"
38,ninetales,11,199,177,fire,"flash-fire, drought"
39,jigglypuff,5,55,95,"normal, fairy","cute-charm, competitive, friend-guard"
40,wigglytuff,10,120,196,"normal, fairy","cute-charm, competitive, frisk"
41,zubat,8,75,49,"poison, flying","inner-focus, infiltrator"
42,golbat,16,550,159,"poison, flying","inner-focus, infiltrator"
43,oddish,5,54,64,"grass, poison","chlorophyll, run-away"
44,gloom,8,86,138,"grass, poison","chlorophyll, stench"
45,vileplume,12,186,221,"grass, poison","chlorophyll, effect-spore"
46,paras,3,54,57,"bug, grass","effect-spore, dry-skin, damp"
47,parasect,10,295,142,"bug, grass","effect-spore, dry-skin, damp"
48,venonat,10,300,61,"bug, poison","compound-eyes, tinted-lens, run-away"
49,venomoth,15,125,158,"bug, poison","shield-dust, tinted-lens, wonder-skin"
50,diglett,2,8,53,ground,"sand-veil, arena-trap, sand-force"
